name;departement;tutor;activity_class;activity_training;tests_training;test1;test2;total_points;creddited;
Babjak Daniel;EJCF;Strachota;;1;11;7.5;3;22.5;ne;
Bár Filip;AMSM;Hobza;;1;9;29.5;23.5;63.0;ano;2
Barborková Lucie;DAIZ;Hobza;;1;14;9;26;50.0;ano;
Bezányi Emanuel;EJCF;Strachota;;1;4.5;7;0;12.5;ne;
Bílý Vít;FTTF;Strachota;;1;11.5;17.5;27.5;57.5;ano;1
Bobek Josef;EJCF;Strachota;2;2;14;18;14;50.0;ano;
Bradshaw Petr;FE;Strachota;4;1;19;16;34;74.0;ano;4
Brisučiak Tomáš;EJCF;Strachota;;1;12;24.5;26;63.5;ano;2
Čada Jan;JIB;Kostková;;1;12.5;19;27.5;60.0;ano;2
Ďatková Michaela;EJCF;Strachota;;0;5;5.5;0;10.5;ne;
Gančarčík David;EJCF;Strachota;;2;13.5;22.5;30;68.0;ano;3
Grund David;EJCF;Strachota;;1;19;33;37;90.0;ano;8
Hladká Kateřina;DAIZ;Hobza;;1;17;17.5;20.5;56.0;ano;1
Hlaváč Robert;FTTF;Strachota;2;2;12.5;22;30;68.5;ano;3
Chmel Jiří;DM;Strachota;;1;18.5;38;31;88.5;ano;7
Isyanov Danil;AMSM;Strachota;;1;10;31.5;31;73.5;ano;4
Jarošík Jiří;JIB;Kostková;2;1.5;15;28;32;78.5;ano;5
Jedlička Adam;FTTF;Strachota;;1;12;20;18.5;51.5;ano;
Jehlička Oldřich;MM;Kostková;;0.5;1;10;4;15.5;ne;
Jelínek Šimon;FE;Strachota;;1;21;40;40;102.0;ano;10
Jochcová Dominika;FE;Kostková;;1;13.5;23;25.5;63.0;ano;2
Jurdová Dominika;FE;Strachota;;0;9;16;16.5;41.5;ano;
Kaschner Martin;DAIZ;Hobza;4;;18.5;28.5;39.5;90.5;ano;8
Kozic Ján;JIB;Kostková;;1;13.5;19.5;33;67.0;ano;3
Kravic Aleš;IPL;Strachota;;2;13;35;28.5;78.5;ano;5
Kravka Antonín;EJCF;Strachota;;2;8;11;17.5;38.5;ano;
Krechlerová Alena;JIB;Kostková;;1.5;10.5;21;38;71.0;ano;4
Krupová Diana Mária;EJCF;Strachota;;2;16;16.5;25.5;60.0;ano;2
Kubačák Martin;DAIZ;Hobza;;1;13;16;23.5;53.5;ano;
Kubín Rostislav;JIB;Kostková;;1.5;14;16.5;36;68.0;ano;3
Kuglerová Zuzana;FTTF;Kostková;;1;14.5;22.5;38;76.0;ano;5
Kutílek Václav;FE;Strachota;;1;2.5;12;0;15.5;ne;
Lalik Ondřej;IPL;Strachota;;0;6.5;2;0;8.5;ne;
Lesnoy Oleg;JIB;Kostková;;0.5;2.5;12;15;30.0;ano;
Majerčáková Margita;EJCF;Strachota;;1;14;19;12.5;46.5;ano;
Malec Štěpán;FTTF;Strachota;;1;5;18;11;35.0;ano;
Mašková Michaela;EJCF;Strachota;;1;13.5;23;26;63.5;ano;2
Měkota Filip;IPL;Kostková;;1;12;29;26.5;68.5;ano;3
Mouková Anna;EJCF;Kostková;;0.5;7.5;20;29;57.0;ano;1
Müllerová Linda;FE;Strachota;;1;8.5;18;15;42.5;ne;
Navarová Viktorie;IPL;Hobza;;;16;26;38;80.0;ano;6
Nekvinda Štěpán;DM;Strachota;;1;13.5;12;16.5;43.0;ano;
Oweisová Lejla;AMSM;Hobza;;;14;19.5;21.5;55.0;ano;1
Paliesek Tomáš;FE;Strachota;;1;12;15;28;56.0;ano;1
Pinta Jan;JIB;Kostková;2;1;13.5;27;30;73.5;ano;4
Pokorná Kateřina;FTTF;Kostková;;0.5;2.5;12;9;24.0;ne;
Popelová Dominika;EJCF;Strachota;;1;9;22;0;32.0;ne;
Prášil Jindřich;JIB;Kostková;;1;12;22;35;70.0;ano;4
Purgin Maksim;DAIZ;Hobza;;;1;13;0;11.0;ne;
Rejlková Christine;ASI;Kostková;;1;6;23.5;29.5;60.0;ano;2
Roškotová Lucie;ASI;Kostková;;2;10.5;33;40;85.5;ano;7
Siváková Tereza;IPL;Strachota;;1;13.5;25;14.5;54.0;ano;
Soudná Zuzana;IPL;Strachota;;2;11;30;35;78.0;ano;5
Šnauko Patrik;AMSM;Strachota;2;2;15.5;17;16.5;53.0;ano;
Šolarová Adéla;DAIZ;Hobza;;;6;10;0;16.0;ne;
Šollová Karolína;EJCF;Strachota;;0;7;6.5;0;13.5;ne;
Tarant Ivan;FE;Strachota;4;1;12.5;25.5;18.5;61.5;ano;2
Toufar Marek;EJCF;Strachota;;0;4;6;7.5;5.5;ne;
Trličík Václav;EJCF;Strachota;;1;15;20;21;57.0;ano;1
Zázvorková Jana;JIB;Hobza;;;4;9.5;22.5;36.0;ano;
Zholobov Aleksandr;EJCF;Strachota;;0;0.5;0;0;-23.5;ne;
Zhoř Michal;FTTF;Strachota;;1;16;19;19.5;55.5;ano;1
Balogová Zdenka;DAIZ;Kostková;2;1;15;26.5;22;66.5;ano;3
Batysta Jan;FE;Kollert;5;0;10.5;27;12;54.5;ano;
Bérešová Pavla;IPL;Strachota;5;2;20.5;24;35;86.5;ano;7
Bílý Vít;FTTF;Kollert;2;0;5;7;0;14.0;ne;
Bimbová Roberta;FE;Kollert;2;2;16;18;37;75.0;ano;5
Brožová Antonie;MIAMSM;Kostková;3;1;17;38;38;97.0;ano;9
Buketov Medet;FE;Kostková;2;1;10.5;8;19;40.5;ano;
Čapek Ota;DAIZ;Kostková;1;0;14;11.5;10;36.5;ano;
Čečrdle Jan;FTTF;Kollert;2;1;9.5;29;24;65.5;ano;3
Čech Pavel;FTTF;Kollert;2;0;10;17;7.5;36.5;ano;
Češka Jakub;EJČF;Strachota;2;1;11;11.5;17;42.5;ano;
Čičala Martin;EJČF;Strachota;1;1;10.5;14;31;57.5;ano;1
Dobrynina Anastasia;ASI;Strachota;1;0;16.5;20.5;27;65.0;ano;3
Doubek Branislav;FE;Kollert;1;0;5.5;7.5;9.5;23.5;ne;
Džabarjan Marina;MIAMSM;Strachota;2;1;11;28;22.5;64.5;ano;2
Eremenko Ekaterina;EJČF;Strachota;2;0;13;24;33.5;72.5;ano;4
Fencl Matouš;MIAMSM;Kostková;2;2;12;38;18.5;72.5;ano;4
Fišer Vojtěch;FTTF;Kollert;3;0;9;15;9.5;36.5;ano;
Fleková Tereza;FTTF;Kollert;2;2;17;19;33.5;73.5;ano;4
Golíková Petra;ASI;;0;0;2;6;4;9.0;ne;
Grof Matyáš;FTTF;Kollert;0;0;12.5;29;36;77.5;ano;5
Groverová Nikola;MIAMSM;Strachota;4;1;15;16;38;74.0;ano;4
Hronová Lenka;MIAMSM;Kostková;2;1;12;22;25;62.0;ano;2
Jančová Anežka;FE;Kostková;2;0;11;15.5;22;50.5;ano;
Jandera Milan;FE;Kollert;2;0;8;23;30.5;63.5;ano;2
John David;DAIZ;Strachota;1;1;12;25.5;32;71.5;ano;4
Kabátová Anežka;EJČF;Strachota;2;3;10.5;25.5;27;68.0;ano;
Keppert Adam;FE;Kollert;2;0;10.5;6.5;11;30.0;ano;
Klíštinec Martin;EJČF;Strachota;1;0;14;9;19;43.0;ano;
Kozák David;DAIZ;Kostková;2;1;7.5;13.5;30.5;54.5;ano;
Křivková Anna;FTTF;Kollert;1;1;13;22.5;30;67.5;ano;
Kubát Jakub;EJČF;Strachota;2;1;13.5;38.5;30;85.0;ano;
Kubů Miroslav;EJČF;Kollert;2;2;12.5;38;23;77.5;ano;
Kulhavý Petr;DM;Strachota;2;0;4.5;5;0;11.5;ne;
Lainová Eva;MIAMSM;Kostková;1;1;12.5;16.5;30;61.0;ano;
Lebeda Miroslav;IPL;Kostková;2;0;15.5;30.5;40;88.0;ano;
Lobko Lukáš;FTTF;Kollert;1;1;9.5;25;23;59.5;ano;
Luštinec Jakub;IPL;Strachota;0;1;10.5;23;27;61.5;ano;
Měkota Filip;IPL;Kollert;1;0;8.5;11;0;20.5;ne;
Mišurec Vít Guiglielmo;EJČF;Strachota;1;0;2.5;0;0;-26.5;ne;
Mlejnková Veronika;DAIZ;Strachota;1;0;3;10;0;11.0;ne;
Nekorancová Elena;FTTF;Kollert;2;2;8.5;28;32;72.5;ano;
Novák Tomáš;EJČF;Strachota;4;1;9.5;24;25;63.5;ano;
Novotná Jana;MIAMSM;Kostková;2;2;15;28;29;76.0;ano;
Novotný Adam;IPL;Kollert;2;2;15.5;29.5;38;87.0;ano;
Pánek Ondřej;ASI;Strachota;2;1;20;35;31;89.0;ano;
Pavliková Tatiana;DAIZ;Kostková;2;1;12;27;10;52.0;ano;
Perinajová Dominika;MIAMSM;Strachota;0;0;4;18;15;4.0;ne;
Poliak Kajetán;MIAMSM;Strachota;0;1;16;23;22;62.0;ano;
Příbaň Matyáš;FE;Kollert;2;1;10.5;19.5;17;50.0;ano;
Robotková Monika;EJČF;Strachota;1;1;11;13;35;61.0;ano;
Sahan Marko;MIAMSM;Strachota;4;3;14;33;38;92.0;ano;
Soldatova Aleksandra;FTTF;Kostková;2;0;12.5;9;24;47.5;ano;
Sucharda Tadeáš;JIB;Strachota;2;0;15;11.5;34.5;63.0;ano;
Suchomel Aleš;ASI;Strachota;2;1;18;24;22;67.0;ano;
Šach Martin;FTTF;Kollert;4;3;15.5;19;22;63.5;ano;
Šišma Jiří;FE;Kollert;2;3;20;39;37;101.0;ano;
Šošková Jana;JIB;Strachota;2;1;14;11;31;59.0;ano;
Šrámková Kristýna;DAIZ;Kostková;2;3;12.5;14;21;52.5;ano;
Štěpánková Denisa;EJČF;Strachota;1;1;15;22.5;18.5;58.0;ano;
Švec Jaroslav;FE;Kollert;3;1;10.5;15;20.5;50.0;ano;
Toufar Marek;EJČF;Strachota;0;1;0;4;0;5.0;ne;
Truhlář Tomáš;EJČF;Strachota;7;1;14.5;32;39;93.5;ano;8
Tumanau Viktar;ASI;Strachota;2;2;18.5;27.5;13.5;63.5;ano;2
Vaculčiak Matěj;EJČF;Strachota;2;3;11.5;30;40;86.5;ano;7
Veshkin Mikhail;JIB;Strachota;1;1;16;13;29.5;60.5;ano;2
Vitha Filip;FE;Kollert;2;0;8.5;12.5;32;55.0;ano;1
Zapletal Vítek;JIB;Strachota;2;1;9.5;11.5;10;34.0;ano;
Zeman Radovan;EJČF;Strachota;2;2;16;30;39.5;89.5;ano;7
Zmeškal Marek;JIB;Strachota;0;2;21;39.5;39;101.5;ano;10
Zorek Matěj;FTTF;Kostková;4;1;10;7;28;50.0;ano;